Product Name,Price,Brand,Size,Display
Sansui 60 cm (24 Inches) HD Ready LED TV JSY24NSHD (Black),"INR 7,999",SANSUI,24,LED
VW 60 cm (24 inches) Premium Series HD Ready LED TV VW24A (Black),"INR 5,699",VW,24,LED
MI 80 cm (32 inches) A Series HD Ready Smart Google TV L32M8-5AIN (Black),"INR 12,499",MI,32,LED
Kodak 80 cm (32 inches) Special Edition Series HD Ready Smart LED TV 32SE5001BL (Black),"INR 8,499",KODAK,32,LED
Sony Bravia 80 cm (32 inches) HD Ready Smart LED Google TV KD-32W820K (Black),"INR 24,990",SONY,32,LED
Kodak 80 cm (32 inches) HD Ready Certified Android LED TV 32HDX7XPRO (Black),"INR 9,499",KODAK,32,LED
LG 80 cm (32 inches) HD Ready Smart LED TV 32LQ576BPSA (Ceramic Black),"INR 15,990",LG,32,LED
Samsung 80 cm (32 Inches) HD Ready LED TV UA32T4010ARXXL (Black),"INR 11,601",SAMSUNG,32,LED
Panasonic 80 cm (32 inches) HD Ready Smart LED Google TV TH32MS660DX (Black),"INR 15,990",PANASONIC,32,LED
Sony Bravia 80 cm (32 inches) HD Ready Smart LED Google TV KD-32W830K (Black) (2022 Model) | with Alexa Compatibility,"INR 26,990",SONY,32,LED
Westinghouse 80 cm (32 inches) W2 Series HD Ready Certified Android LED TV WH32HX41 (Black),"INR 8,999",WESTINGHOUSE,32,LED
Westinghouse 80 cm (32 inches) HD Ready Smart Certified Android LED TV WH32SP12 (Black),"INR 8,999",WESTINGHOUSE,32,LED
Onida 80 cm (32 inches) HD Ready Smart LED Fire TV 32HIF3 (Black),"INR 11,599",ONIDA,32,LED
Samsung 80 cm (32 Inches) Wondertainment Series HD Ready LED Smart TV UA32T4340AKXXL (Glossy Black) (2020),"INR 14,590",SAMSUNG,32,LED
Dyanora Sigma 80 cm (32 Inches) HD Ready Smart LED TV DY-LD32H4S (Black) (2022 Model),"INR 8,599.",DYANORA,32,LED
"Dyanora 80 cm (32 inches) HD Ready LED TV with Noise Reduction, Cinema Zoom, Powerful Audio Box Speakers (Black) (DY-LD32H0N)","INR 7,699.",DYANORA,32,LED
VW 80 cm (32 inches) Premium Frameless Series HD Ready LED TV VW32AFL (Black),"INR 7,499",VW,32,LED
Samsung 80 cm (32 inches) HD Ready Smart LED TV UA32T4310AKXXL (Glossy Black),"INR 16,490",SAMSUNG,32,LED
LG 81.28 cm (32 Inches) HD Ready Smart LED TV 32LQ570BPSA (Black) (2022 Model),"INR 15,790",LG,32,LED
Samsung 80 cm (32 inches) HD Ready Smart LED TV UA32T4350AKXXL (Glossy Black),"INR 16,990",SAMSUNG,32,LED
Samsung 80 cm (32 Inches) HD Ready LED TV 32T4050 (Black),"INR 14,990",SAMSUNG,32,LED
SAMSUNG 80 cm (32 inch) HD Ready Smart LED TV UA32T4410AKLXL (Black Hair Line) (2021 Model) | With 3 Years Warranty,"INR 17,690",SAMSUNG,32,LED
TCL 80.04 cm (32 inches) Bezel-Less S Series Full HD Smart LED Google TV 32S5400 (Black),"INR 14,990",TCL,32,LED
TCL 80.04 cm (32 inches) Bezel-Less S Series HD Ready Smart Android LED TV 32S5400A (Black),"INR 12,490",TCL,32,LED
Westinghouse 80 cm (32 inches) Pi Series HD Ready Smart LED TV WH32SP17 (Black),"INR 7,999",WESTINGHOUSE,32,LED
Acer 80 cm (32 inches) I Series HD Ready Android Smart LED TV AR32AR2841HDFL (Black),"INR 10,999",ACER,32,LED
Redmi 80 cm (32 inches) F Series HD Ready Smart LED Fire TV L32R8-FVIN (Black),"INR 12,999",REDMI,32,LED
OnePlus 80 cm (32 inches) Y Series HD Ready LED Smart Android TV 32Y1 (Black),"INR 14,999",ONEPLUS,32,LED
VW 80 cm (32 inches) Linux Series Frameless HD Ready Smart LED TV VW32C2 (Black) | with 18 Months Warranty,"INR 7,999",VW,32,LED
VW 80 cm (32 inches) Frameless Series HD Ready Android Smart LED TV VW32S (Black),"INR 7,499",VW,32,LED
Samsung 80 cm (32 Inches) Wondertainment Series HD Ready LED Smart TV UA32T4340BKXXL (Glossy Black),"INR 14,990",SAMSUNG,32,LED
VW 80 cm (32 inches) Playwall Frameless Series HD Ready Android Smart LED TV VW3251 (Black),"INR 7,999",VW,32,LED
LG 80 cm (32 inches) HD Ready Smart LED TV 32LM563BPTC (Dark Iron Gray),"INR 15,490",LG,32,LED
VW 80 cm (32 inches) Frameless Series HD Ready LED TV VW32A (Black),"INR 6,799",VW,32,LED
Mi 100 cm (40 inches) Horizon Edition Full HD Android LED TV 4A | L40M6-EI (Black),"INR 21,999",MI,40,LED
Kodak 100 cm (40 inches) Special Edition Series Full HD Smart LED TV 40SE5003BL (Black),"INR 13,999",KODAK,40,LED
Westinghouse 100 cm (40 inches) Pi Series Full HD Smart LED TV WH40SP08BL (Black),"INR 12,999",WESTINGHOUSE,40,LED
MI 100 cm (40 inches) 5A Series Full HD Smart Android LED TV L40M7-EAIN (Black),"INR 19,999",MI,40,LED
VW 101 cm (40 inches) Linux Series Frameless HD Ready Smart LED TV VW40S1 (Black) | with 18 Months Warranty,"INR 12,499",VW,40,LED
Blaupunkt 101 cm (40 inches) Cyber Sound G2 Series Full HD LED Google TV 40CSG7112 (Black),"INR 14,999",BLAUPUNKT,40,LED
Kodak 106 cm (42 inches) Full HD Certified Android Smart LED TV 42FHDX7XPRO (Black),"INR 15,999",KODAK,42,LED
Sony Bravia 108 cm (43 inches) 4K Ultra HD Smart LED Google TV KD-43X75L (Black),"INR 47,490",SONY,43,LED
Samsung 108 cm (43 inches) Full HD LED Smart TV UA43T5310AKXXL (Glossy Black) (2020 Model),"INR 29,990",SAMSUNG,43,LED
Onida 108 cm (43 inches) Full HD Smart LED Fire TV 43FIF3 (Black),"INR 21,999",ONIDA,43,LED
Samsung 109 cm (43 inches) 4K Ultra HD Smart LED TV UA43AU7500KLXL (Titan Gray) (2021 Model),"INR 33,990",SAMSUNG,43,LED
Kodak 108 cm (43 inches) Bezel-Less Design Series 4K Ultra HD Smart Android LED TV 43UHDX7XPROBL (Black),"INR 19,999",KODAK,43,LED
TCL 108 cm (43 inches) 4K Ultra HD Smart QLED Google TV 43C635 (Black),"INR 30,990",TCL,43,QLED
Dyanora Sigma 108 cm (43 Inches) Full HD Smart LED TV DY-LD43F1S (Silver),"INR 15,899.",DYANORA,43,LED
Panasonic 108 cm (43 inches) 4K Ultra HD Smart LED Google TV TH-43MX660DX (Black),"INR 31,990",PANASONIC,43,LED
"Samsung 108 cm (43 Inches) 4K Ultra HD Smart LED TV (UA43AU7600KXXL, Black)","INR 32,990",SAMSUNG,43,LED
iFFALCON 108 cm (43 inches) 4K Ultra HD Smart LED Google TV iFF43U62 (Black),"INR 19,999",IFFALCON,43,LED
Sony Bravia 108 cm (43 inches) 4K Ultra HD Smart LED Google TV KD-43X80L (Black),"INR 66,490",SONY,43,LED
Samsung 109 cm (43 inches) The Frame Series 4K Ultra HD Smart QLED TV QA43LS03BAKLXL (Black),"INR 55,990",SAMSUNG,43,QLED
LG 109.2 cm (43 inches) 4K Ultra HD Smart LED TV 43UP7720PTY (Light Black),"INR 38,990",LG,43,LED
Mi 108 cm (43 inches) Horizon Edition Full HD Android LED TV 4A | L43M6-EI (Black),"INR 24,999",MI,43,LED
Panasonic 108 cm (43 inches) Full HD Smart LED Google TV TH-43MS660DX (Black),"INR 27,990",PANASONIC,43,LED
Hisense 108 cm (43 inches) Android 11 Series Full HD Smart Certified Android LED TV 43A4G (Black) | DTS Virtual X | Dolby Audio,"INR 21,999",HISENSE,43,LED
Sony Bravia 108 cm (43 inches) 4K Ultra HD Smart LED Google TV KD-43X74K (Black),"INR 37,999",SONY,43,LED
Onida 108 cm (43 inches) 4K Ultra HD Smart LED Fire TV 43UIF (Black),"INR 24,999",ONIDA,43,LED
Redmi 108 cm (43 inches) 4K Ultra HD Android Smart LED TV X43 | L43R7-7AIN (Black),"INR 22,999",REDMI,43,LED
Samsung 108 cm (43 inches) 4K Ultra HD Smart LED TV UA43BU8570ULXL (Black),"INR 35,000",SAMSUNG,43,LED
Sony Bravia 108 cm (43 inches) 4K Ultra HD Smart LED Google TV KD-43X80K (Black),"INR 52,990",SONY,43,LED
OnePlus 108 cm (43 inches) Y Series 4K Ultra HD Smart Android LED TV 43Y1S Pro (Black),"INR 24,999",ONEPLUS,43,LED
LG 108 cm (43 Inches) Full HD Smart LED TV 43LM5600PTC (Dark Iron Gray),"INR 33,890",LG,43,LED
LG 108 cm (43 inches) 4K Ultra HD Smart LED TV 43UQ7500PSF (Ceramic Black),"INR 30,990",LG,43,LED
LG 108 cm (43 inches) 4K Ultra HD Smart LED TV 43UQ8020PSB (Dark Iron Gray),"INR 36,990",LG,43,LED
Mi 108 cm (43 inches) 5X Series 4K LED Smart Android TV with Dolby Vision & 30W Dolby Atmos (Grey),"INR 27,999",MI,43,LED
VW 109 cm (43 inches) Playwall Frameless Series Full HD Android Smart LED TV VW43F1 (Black),"INR 14,999",VW,43,LED
Samsung 108 cm (43 inches) Full HD Smart LED TV UA43T5450AKXXL (Black),"INR 26,990",SAMSUNG,43,LED
Vu 108 cm (43 inches) The GloLED 84 Watt DJ Sound Series 4K Smart Google TV 43GloLED (Grey),"INR 29,999",VU,43,OLED
Sony Bravia 108 cm (43 inches) 4K Ultra HD Smart LED Google TV KD-43X64L (Black),"INR 40,990",SONY,43,LED
Xiaomi 108 cm (43 inches) X Pro 4K Dolby Vision IQ Series Smart Google TV L43M8-5XIN (Black),"INR 32,999",XIAOMI,43,LED
Xiaomi 108 cm (43 inches) X Series 4K Ultra HD Smart Android LED TV L43M7-A2IN (Black),"INR 25,999",XIAOMI,43,LED
TCL 108 cm (43 inches) Bezel-Less Series 4K Ultra HD Smart LED Google TV 43P635 (Black),"INR 24,990",TCL,43,LED
Blaupunkt 108 cm (43 inches) Quantam Dot Series 4K Ultra HD QLED Google TV 43QD7050 (Black),"INR 21,999",BLAUPUNKT,43,QLED
Blaupunkt 108 cm (43 inches) Cyber Sound G2 Series Full HD LED Google TV 43CSG7105 (Black),"INR 16,999",BLAUPUNKT,43,LED
Redmi 108 cm (43 inches) Android 11 Series Full HD Smart LED TV L43M6-RA/L43M7-RA (Black),"INR 19,999",REDMI,43,LED
MI 108 cm (43 inches) 5A Series Full HD Smart Android LED TV L43M7-EAIN (Black),"INR 22,999",MI,43,LED
LG 121 cm (48 inches) 4K Ultra HD Smart OLED TV 48A2PSA (Rocky Black),"INR 75,990",LG,48,OLED
LG 121 cms (48 inches) Objet Collection LX1 Posé Series 4K Ultra HD Smart OLED evo TV 48LX1QPSA (Beige),"INR 1,09,990",LG,48,OLED
Samsung 123 cm (49 Inches) 4K UHD LED TV UE49MU6470UXZG (Black),"INR 1,12,369",SAMSUNG,49,LED
Xiaomi 125 cm (50 inches) X 4K Dolby Vision Series Smart Google TV L50M8-A2IN (Black),"INR 32,999",XIAOMI,50,LED
Blaupunkt 126 cm (50 inches) Quantam Dot Series 4K Ultra HD QLED Google TV 50QD7010 (Black),"INR 29,999",BLAUPUNKT,50,QLED
Sony Bravia 126 cm (50 inches) 4K Ultra HD Smart LED Google TV KD-50X80L (Black),"INR 75,990",SONY,50,LED
Westinghouse 126 cm (50 inches) 4K Ultra HD Certified Android LED TV WH50UD82 (Black),"INR 27,999",WESTINGHOUSE,50,LED
Xiaomi 125 cm (50 inches) X Series 4K Ultra HD Smart Android LED TV L50M7-A2IN (Black),"INR 30,999",XIAOMI,50,LED
Samsung 125 cm (50 inches) 4K Ultra HD Smart NEO QLED TV QA50QN90BAKLXL (Titan Black),"INR 92,990",SAMSUNG,50,QLED
VU 126 cm (50 inches) The GloLED Series 4K Smart LED Google TV 50GloLED (Grey),"INR 32,999",VU,50,OLED
Hisense 126 cm (50 inches) Tornado 2.0 Series 4K Ultra HD Smart LED Google TV 50A7H (Metal Gray),"INR 29,999",HISENSE,50,LED
Samsung 125 cm (50 inches) 4K Ultra HD Smart Neo QLED TV QA50QN90CAKLXL (Carbon Silver),"INR 84,990",SAMSUNG,50,QLED
Samsung 127 cm (50 inches) The Frame Series 4K Ultra HD Smart QLED TV QA50LS03BAKLXL (Black),"INR 69,990",SAMSUNG,50,QLED
Mi 125.7 cm (50 inches) 5X Series 4K LED Smart Android TV with Dolby Vision & 40W Dolby Atmos (Grey),"INR 40,999",MI,50,LED
Sony Bravia 126 cm (50 inches) 4K Ultra HD Smart LED Google TV KD-50X75L (Black),"INR 57,940",SONY,50,LED
Samsung 125 cm (50 inches) Crystal iSmart 4K Ultra HD Smart LED TV UA50CUE60AKLXL (Black),"INR 42,990",SAMSUNG,50,LED
TCL 126 cm (50 inches) Bezel-Less Series 4K Ultra HD Smart LED Google TV 50P635 (Black),"INR 29,990",TCL,50,LED
iFFALCON 126 cm (50 inches) 4K Ultra HD Smart LED Google TV iFF50U62 (Black),"INR 25,999",IFFALCON,50,LED
Kodak 126 cm (50 inches) Bezel-Less Design Series 4K Ultra HD Smart Android LED TV 50UHDX7XPROBL (Black),"INR 25,999",KODAK,50,LED
Kodak 126 cm (50 inches) Matrix Series 4K Ultra HD Smart QLED Google TV 50MT5011 (Black),"INR 28,999",KODAK,50,QLED
Sony Bravia 126 cm (50 inches) 4K Ultra HD Smart LED Google TV KD-50X64L (Black),"INR 54,990",SONY,50,LED
Xiaomi 125 cm (50 inches) X Pro 4K Dolby Vision IQ Series Smart Google TV L50M8-5XIN (Black),"INR 41,999",XIAOMI,50,LED
Blaupunkt 126 cm (50 inches) Cyber Sound G2 Series 4k Ultra HD LED Google TV 50CSGT7022 (Black),"INR 25,999",BLAUPUNKT,50,LED
"Samsung 138 cm (55 Inches) 4K Ultra HD Smart LED TV (UA55AU7600KXXL, Black)","INR 52,548",SAMSUNG,55,LED
Blaupunkt 139 cm (55 inches) Quantam Dot Series 4K Ultra HD QLED Google TV 55QD7020 (Black),"INR 33,999",BLAUPUNKT,55,QLED
TV Dust Cover for iFFALCON 138.6 cm (55 inch) QLED Ultra HD (4K) Smart Android TV HandsFree Voice Search (55H71)- Black,INR 499,IFFALCON,55,QLED
Xiaomi 138 cm (55 inches) X Series 4K Ultra HD Smart Android LED TV L55M7-A2IN (Black),"INR 36,999",XIAOMI,55,LED
TCL 138.7 cm (55 inches) Bezel-Less Series 4K Ultra HD Smart LED Google TV 55P635 (Black),"INR 36,990",TCL,55,LED
Xiaomi 138 cm (55 inches) X 4K Dolby Vision Series Smart Google TV L55M8-A2IN (Black),"INR 37,999",XIAOMI,55,LED
Sony Bravia 139 cm (55 inches) 4K Ultra HD Smart LED Google TV KD-55X75L (Black),"INR 63,640",SONY,55,LED
Vu 139 cm (55 inches) The GloLED Series 4K Smart LED Google TV 55GloLED (Grey),"INR 37,999",VU,55,OLED
Samsung 138 cm (55 inches) 4K Ultra HD Smart LED TV UA55BU8570ULXL (Black),"INR 56,990",SAMSUNG,55,LED
Samsung 138 cm (55 inches) 4K Ultra HD Smart NEO QLED TV QA55QN95BAKLXL (Bright Silver),"INR 1,24,990",SAMSUNG,55,QLED
Samsung 138 cm (55 inches) The Frame Series 4K Ultra HD Smart QLED TV QA55LS03AAKLXL (Black) | With 3 Years Warranty,"INR 75,990",SAMSUNG,55,QLED
LG 139 cm (55 inches) 4K Ultra HD Smart OLED TV 55C2PSC (Black),"INR 1,24,990",LG,55,OLED
Toshiba 139 cm (55 inches) 4K Ultra HD Smart QLED Google TV 55M550LP (Black),"INR 38,999",TOSHIBA,55,QLED
Onida 139 cm (55 inches) 4K Ultra HD Smart LED Fire TV 55UIF1 (Black),"INR 34,999",ONIDA,55,LED
LG 139 cms (55 inches) Objet Collection LX1 Posé Series 4K Ultra HD Smart OLEDevo TV 55LX1QPSA (Beige),"INR 1,49,990",LG,55,OLED
Samsung 138 cm (55 inches) 4K Ultra HD Smart Neo QLED TV QA55QN90CAKLXL (Carbon Silver),"INR 1,29,990",SAMSUNG,55,QLED
Samsung 138 cm (55 inches) Wondertainment Series 4K Ultra HD LED Smart TV UA55TUE60FKLXL (Titan Gray),"INR 64,292",SAMSUNG,55,LED
Samsung 138 cm (55 inches) 4K Ultra HD Smart Neo QLED TV QA55QN85CAKLXL (Titan Black),"INR 1,10,990",SAMSUNG,55,QLED
"Kodak 139 Cm (55 Inches) Matrix Series 4K Ultra Hd Smart QLED Google Tv 55Mt5022, Black","INR 32,999",KODAK,55,QLED
Onida 138 cm (55 inches) 4K Ultra HD Smart IPS LED Fire TV 55UIF (Black),"INR 40,399",ONIDA,55,LED
TCL 138.7 cm (55 inches) 4K Ultra HD Smart Mini LED Google TV 55C835 (Black),"INR 79,990",TCL,55,LED
Sony Bravia 139 cm (55 inches) 4K Ultra HD Smart LED Google TV KD-55X74K (Black),"INR 52,490",SONY,55,LED
Samsung 139.7 cm (55 inches) 4K Ultra HD Smart LED TV UA55AU7500KLXL (Titan Gray) (2021 Model),"INR 52,490",SAMSUNG,55,LED
Sony Bravia 139 cm (55 inches) 4K Ultra HD Smart LED Google TV KD-55X74L (Black),"INR 57,990",SONY,55,LED
Xiaomi 138.8 cm (55 inches) 4K Ultra HD Smart Android OLED Vision TV O55M7-Z2IN (Black),"INR 74,999",XIAOMI,55,OLED
Acer 139 cm (55 inches) W Series 4K Ultra HD QLED Smart Android TV AR55AR2851QD (Metallic Grey),"INR 49,999",ACER,55,QLED
Xiaomi 138 cm (55 inches) X Pro 4K Dolby Vision IQ Series Smart Google TV L55M8-5XIN (Black),"INR 47,999",XIAOMI,55,LED
Kodak 139 cm (55 inches) Bezel-Less Design Series 4K Ultra HD Smart Android LED TV 55UHDX7XPROBL (Black),"INR 27,999",KODAK,55,LED
Westinghouse 139 cm (55 inches) Quantum Series Ultra HD LED Google TV WH55GTX40 (Black),"INR 28,999",WESTINGHOUSE,55,LED
Samsung 139 cm (55 inches) The Frame Series 4K Ultra HD Smart QLED TV QA55LS03BAKLXL (Black),"INR 84,800",SAMSUNG,55,QLED
LG 139 cm (55 inches) 4K Ultra HD Smart NanoCell TV 55NANO73SQA (Ashed Blue),"INR 56,990",LG,55,LED
Samsung 138 cm (55 inches) Crystal iSmart 4K Ultra HD Smart LED TV UA55CUE60AKLXL (Black),"INR 42,990",SAMSUNG,55,LED
Mi 138.8 cm (55 inches) 5X Series 4K LED Smart Android TV with Dolby Vision & 40W Dolby Atmos (Grey),"INR 46,999",MI,55,LED
Samsung 138 cm (55 inches) 4K Ultra HD Smart NEO QLED TV QA55QN85BAKLXL (Bright Silver),"INR 94,890",SAMSUNG,55,QLED
Samsung 138 cm (55 inches) Crystal 4K Series Ultra HD Smart LED TV UA55AUE60AKLXL (Black),"INR 45,990",SAMSUNG,55,LED
Blaupunkt 139 cm (55 inches) Cyber Sound G2 Series 4k Ultra HD LED Google TV 55CSGT7023 (Black),"INR 28,999",BLAUPUNKT,55,LED
Panasonic 139 cm (55 inches) 4K Ultra HD Smart LED Google TV TH-55MX660DX (Black),"INR 46,990",PANASONIC,55,LED
Hisense 139 cm (55 inches) Tornado 2.0 Series 4K Ultra HD Smart LED Google TV 55A7H (Silver),"INR 32,999",HISENSE,55,LED
Samsung 138 cm (55 inches) 4K Ultra HD Smart QLED TV QA55Q60AAKLXL (Black),"INR 59,990",SAMSUNG,55,QLED
iFFALCON 147 cm (58 inches) 4K Ultra HD Smart LED Google TV iFF58U62 (Black),"INR 33,999",IFFALCON,58,LED
Samsung 163 cm (65 inches) 4K Ultra HD Smart Neo QLED TV QA65QN85CAKLXL (Titan Black),"INR 1,49,990",SAMSUNG,65,QLED
OnePlus 163 cm (65 inches) Q Series 4K Ultra HD QLED Smart Google TV 65 Q2 Pro (Black),"INR 79,999",ONEPLUS,65,QLED
Sony Bravia 164 cm (65 inches) 4K Ultra HD Smart LED Google TV KD-65X74L (Black),"INR 77,990",SONY,65,LED
Samsung 163 cm (65 inches) 4K Ultra HD Smart Neo QLED TV QA65QN90BAKLXL (Titan Black),"INR 1,69,990",SAMSUNG,65,QLED
Samsung 163 cm (65 inches) 8K Ultra HD Smart Neo QLED TV QA65QN800CKXXL (Titan Black),"INR 2,99,990",SAMSUNG,65,QLED
Samsung 163 cm (65 inches) 4K Ultra HD Smart Neo QLED TV QA65QN90CAKLXL (Carbon Silver),"INR 1,79,990",SAMSUNG,65,QLED
OnePlus 163.8 cm (65 inches) U Series 4K LED Smart Android TV 65U1S (Black),"INR 49,999",ONEPLUS,65,LED
Panasonic 164 cm (65 inches) 4K Ultra HD Smart LED Google TV TH-65MX660DX (Black),"INR 69,990",PANASONIC,65,LED
Blaupunkt 164 cm (65 inches) Quantam Dot Series 4K Ultra HD QLED Google TV 65QD7030 (Black),"INR 47,999",BLAUPUNKT,65,QLED
LG 164 cm (65 inches) 4K Ultra HD Smart LED TV 65UQ7500PSF (Ceramic Black),"INR 69,990",LG,65,LED
TCL 164 cm (65 inches) Bezel-Less Series 4K Ultra HD Smart LED Google TV 65P635 (Black),"INR 49,990",TCL,65,LED
Redmi 164 cm (65 inches) 4K Ultra HD Android Smart LED TV X65 | L65M6-RA (Black),"INR 59,999",REDMI,65,LED
Vu 164 cm (65 inches) The GloLED Series 4K Smart LED Google TV 65GloLED (Grey),"INR 55,999",VU,65,OLED
Vu 164 cm (65 inches) The Masterpiece Glo Series 4K Ultra HD Smart Android QLED TV 65QMP (Armani Gold),"INR 89,990",VU,65,QLED
Sony Bravia 164 cm (65 inches) 4K Ultra HD Smart LED Google TV KD-65X75L (Black),"INR 85,490",SONY,65,LED
LG 164 cm (65 inches) 4K Ultra HD Smart LED TV 65UQ8020PSB (Dark Iron Gray),"INR 74,990",LG,65,LED
"Kodak 164 Cm (65 Inches) Matrix Series 4K Ultra Hd Smart QLED Google Tv 65Mt5033, Black","INR 46,999",KODAK,65,QLED
Acer 164 cm (65 inches) W Series 4K Ultra HD QLED Smart Android TV AR65AR2851QD (Metallic Grey),"INR 64,999",ACER,65,QLED
Westinghouse 164 cm (65 inches) Quantum Series Ultra HD LED Google TV WH65GTX50 (Rose Gold),"INR 43,999",WESTINGHOUSE,65,LED
Samsung 165 cm (65 inches) The Frame Series 4K Ultra HD Smart QLED TV QA65LS03BAKLXL (Black),"INR 1,30,499",SAMSUNG,65,QLED
Sony Bravia 164 cm (65 inches) 4K Ultra HD Smart LED Google TV KD-65X74K (Black),"INR 69,990",SONY,65,LED
Samsung 163 cm (65 inches) Crystal iSmart 4K Ultra HD Smart LED TV UA65CUE60AKLXL (Black),"INR 64,990",SAMSUNG,65,LED
Sony Bravia 164 cm (65 inches) XR Series 4K Ultra HD Smart OLED Google TV XR-65A95K (Black),"INR 2,64,990",SONY,65,OLED
Mi 189.34cm (75 inches) Q1 Series 4K Smart QLED TV with Full Array Local Dimming & 120Hz Refresh Rate (Metallic Grey),"INR 1,29,999",MI,75,QLED
Vu 189 cm (75 inches) The Masterpiece Glo Series 4K Ultra HD Smart Android QLED TV 75QMP (Armani Gold) (2022 Model) | Built in 4.1 Speaker,"INR 1,19,999",VU,75,QLED
Blaupunkt 189 cm (75 inches) Quantam Dot Series 4K Ultra HD QLED Google TV 75QD7040 (Black),"INR 89,999",BLAUPUNKT,75,QLED
Samsung 189 cm (75 inches) 8K Ultra HD Smart Neo QLED TV QA75QN800CKXXL (Titan Black),"INR 5,50,000",SAMSUNG,75,QLED
Samsung 190 cm (75 inches) The Frame Series 4K Ultra HD Smart QLED TV QA75LS03BAKXXL (Black),"INR 2,47,990",SAMSUNG,75,QLED
Samsung 189 cm (75 inches) 4K Ultra HD Smart Neo QLED TV QA75QN90BAKXXL (Titan Black),"INR 3,34,990",SAMSUNG,75,QLED
Sony Bravia 195 cm (77 inches) XR series 4K Ultra HD Smart OLED Google TV XR-77A80J (Black),"INR 5,22,490",SONY,77,OLED
Sony Bravia 215 cm (85 inches) 4K Ultra HD Smart LED Google TV KD-85X80L (Black),"INR 2,94,490",SONY,85,LED
Samsung 214 cm (85 inches) 4K Ultra HD Smart Neo QLED TV QA85QN90BAKXXL (Titan Black),"INR 4,74,990",SAMSUNG,85,QLED
Vu 215cm (85 inches) The Masterpiece 4K Ultra HD Android QLED TV 85QPX (Armani Gold) (2020 Model),"INR 2,59,999",VU,85,QLED
Vu 215 cms (85 inches) Masterpiece Series 4K Ultra HD Smart QLED TV 85QV (Jetplane Grey),"INR 2,94,999",VU,85,QLED
Samsung 214 cm (85 inches) 8K Ultra HD Smart Neo QLED TV QA85QN900AKXXL (Steel),"INR 11,49,990",SAMSUNG,85,QLED
Samsung 214 cm (85 inches) 8K Ultra HD Smart Neo QLED TV QA85QN900CKXXL (Titan Black),"INR 8,99,990",SAMSUNG,85,QLED
